{"evil_pattern": {"pattern": "^([a-zA-Z0-9])(([\\-.]|[_]+)?([a-zA-Z0-9]+))*(@){1}[a-z0-9]+[.]{1}(([a-z]{2,3})|([a-z]{2,3}[.]{1}[a-z]{2,3}))$", "1": 0.0002689361572265625, "2": 9.059906005859375e-06, "3": 5.0067901611328125e-06, "4": 3.0994415283203125e-06, "5": 2.86102294921875e-06, "6": 1.3113021850585938e-05, "7": 1.5974044799804688e-05, "8": 2.5033950805664062e-05, "9": 4.00543212890625e-05, "10": 7.796287536621094e-05, "11": 0.00015807151794433594, "12": 0.0003180503845214844, "13": 0.000579833984375, "14": 0.0010433197021484375, "15": 0.002090930938720703, "16": 0.0041921138763427734, "17": 0.00787210464477539, "18": 0.01479196548461914, "19": 0.02628493309020996, "20": 0.04740786552429199, "21": 0.09247112274169922, "22": 0.18245196342468262, "23": 0.36591410636901855, "24": 0.7283749580383301, "25": 1.463073968887329, "26": 2.9037299156188965, "27": 5.822202920913696, "28": 11.576078653335571, "29": 23.147299766540527}, "good_pattern_0": {"pattern": "^[a-z0-9!#$%&'*+/=?^_`{|}~-]+(?:\\.[a-z0-9!#$%&'*+/=?^_`{|}~-]+)*@(?:[a-z0-9](?:[a-z0-9-]*[a-z0-9])?\\.)+[a-z0-9](?:[a-z0-9-]*[a-z0-9])?$", "1": 0.00023603439331054688, "2": 4.76837158203125e-06, "3": 3.0994415283203125e-06, "4": 1.9073486328125e-06, "5": 3.814697265625e-06, "6": 3.0994415283203125e-06, "7": 3.0994415283203125e-06, "8": 1.9073486328125e-06, "9": 2.86102294921875e-06, "10": 3.0994415283203125e-06, "11": 3.0994415283203125e-06, "12": 2.86102294921875e-06, "13": 3.0994415283203125e-06, "14": 3.0994415283203125e-06, "15": 1.9073486328125e-06, "16": 2.1457672119140625e-06, "17": 3.0994415283203125e-06, "18": 2.6226043701171875e-06, "19": 3.0994415283203125e-06, "20": 3.0994415283203125e-06, "21": 2.86102294921875e-06, "22": 2.86102294921875e-06, "23": 2.86102294921875e-06, "24": 4.291534423828125e-06, "25": 2.6226043701171875e-06, "26": 3.0994415283203125e-06, "27": 2.86102294921875e-06, "28": 2.86102294921875e-06, "29": 1.0013580322265625e-05}, "good_pattern_1": {"pattern": "(?:[a-z0-9!#$%&'*+/=?^_`{|}~-]+(?:\\.[a-z0-9!#$%&'*+/=?^_`{|}~-]+)*|\"(?:[\\x01-\\x08\\x0b\\x0c\\x0e-\\x1f\\x21\\x23-\\x5b\\x5d-\\x7f]|\\\\[\\x01-\\x09\\x0b\\x0c\\x0e-\\x7f])*\")@(?:(?:[a-z0-9](?:[a-z0-9-]*[a-z0-9])?\\.)+[a-z0-9](?:[a-z0-9-]*[a-z0-9])?|\\[(?:(?:25[0-5]|2[0-4][0-9]|[01]?[0-9][0-9]?)\\.){3}(?:25[0-5]|2[0-4][0-9]|[01]?[0-9][0-9]?|[a-z0-9-]*[a-z0-9]:(?:[\\x01-\\x08\\x0b\\x0c\\x0e-\\x1f\\x21-\\x5a\\x53-\\x7f]|\\\\[\\x01-\\x09\\x0b\\x0c\\x0e-\\x7f])+)\\])", "1": 0.0003972053527832031, "2": 3.0994415283203125e-06, "3": 2.86102294921875e-06, "4": 1.9073486328125e-06, "5": 2.1457672119140625e-06, "6": 2.1457672119140625e-06, "7": 2.86102294921875e-06, "8": 2.1457672119140625e-06, "9": 2.86102294921875e-06, "10": 3.0994415283203125e-06, "11": 2.86102294921875e-06, "12": 3.0994415283203125e-06, "13": 2.1457672119140625e-06, "14": 3.0994415283203125e-06, "15": 2.86102294921875e-06, "16": 4.0531158447265625e-06, "17": 2.1457672119140625e-06, "18": 2.1457672119140625e-06, "19": 1.9073486328125e-06, "20": 3.0994415283203125e-06, "21": 2.86102294921875e-06, "22": 3.0994415283203125e-06, "23": 4.0531158447265625e-06, "24": 2.86102294921875e-06, "25": 1.9073486328125e-06, "26": 1.9073486328125e-06, "27": 2.86102294921875e-06, "28": 4.0531158447265625e-06, "29": 3.0994415283203125e-06}}